frame_id,track_id,class,dist_m,speed_ms,ttc_s,state
1,1,Obstacle,1.137,0.0,inf,STATIC
1,2,Obstacle,2.17,0.0,inf,STATIC
2,1,Obstacle,1.137,-0.0,inf,DYNAMIC
2,2,Obstacle,2.17,-0.0,inf,DYNAMIC
3,1,Obstacle,1.137,-0.0,inf,DYNAMIC
3,2,Obstacle,2.17,-0.0,inf,DYNAMIC
4,1,Obstacle,1.137,-0.0,inf,DYNAMIC
4,2,Obstacle,2.17,-0.0,inf,DYNAMIC
5,1,Obstacle,1.137,-0.0,inf,DYNAMIC
5,2,Obstacle,2.17,-0.0,inf,DYNAMIC
6,1,Obstacle,1.137,-0.0,inf,STATIC
6,2,Obstacle,2.17,-0.0,inf,STATIC
7,1,Obstacle,1.137,-0.0,inf,STATIC
7,2,Obstacle,2.17,-0.0,inf,STATIC
8,1,Obstacle,1.137,-0.0,inf,STATIC
8,2,Obstacle,2.17,-0.0,inf,STATIC
9,1,Obstacle,1.137,0.0,inf,STATIC
9,2,Obstacle,2.17,-0.0,inf,STATIC
10,1,Obstacle,1.137,0.0,inf,STATIC
10,2,Obstacle,2.17,-0.0,inf,STATIC
11,1,Obstacle,1.137,0.0,inf,STATIC
11,2,Obstacle,2.17,0.0,inf,STATIC
12,1,Obstacle,1.137,0.0,inf,STATIC
12,2,Obstacle,2.17,0.0,inf,STATIC
13,1,Obstacle,1.137,0.0,inf,STATIC
13,2,Obstacle,2.17,0.0,inf,STATIC
14,1,Obstacle,1.137,0.0,inf,STATIC
14,2,Obstacle,2.17,0.0,inf,STATIC
15,1,Obstacle,1.137,0.0,inf,STATIC
15,2,Obstacle,2.17,0.0,inf,STATIC
16,1,Obstacle,1.137,0.0,inf,STATIC
16,2,Obstacle,2.17,0.0,inf,STATIC
17,1,Obstacle,1.137,0.0,inf,STATIC
17,2,Obstacle,2.17,0.0,inf,STATIC
18,1,Obstacle,1.137,0.0,inf,STATIC
18,2,Obstacle,2.163,0.002,inf,STATIC
19,1,Obstacle,1.137,0.0,inf,STATIC
19,2,Obstacle,2.162,0.004,inf,STATIC
20,1,Obstacle,1.137,-0.0,inf,STATIC
20,2,Obstacle,2.163,0.005,inf,STATIC
21,1,Obstacle,1.138,-0.0,inf,STATIC
21,2,Obstacle,2.165,0.005,inf,STATIC
22,1,Obstacle,1.138,-0.0,inf,STATIC
22,2,Obstacle,2.166,0.004,inf,STATIC
23,1,Obstacle,1.138,-0.0,inf,STATIC
23,2,Obstacle,2.167,0.004,inf,STATIC
24,1,Obstacle,1.138,-0.0,inf,STATIC
24,2,Obstacle,2.168,0.003,inf,STATIC
25,1,Obstacle,1.138,-0.0,inf,STATIC
25,2,Obstacle,2.169,0.002,inf,STATIC
26,1,Obstacle,1.138,-0.0,inf,STATIC
26,2,Obstacle,2.169,0.002,inf,STATIC
27,1,Obstacle,1.138,-0.0,inf,STATIC
27,2,Obstacle,2.169,0.001,inf,STATIC
28,1,Obstacle,1.138,-0.0,inf,STATIC
28,2,Obstacle,2.17,0.001,inf,STATIC
29,1,Obstacle,1.138,-0.0,inf,STATIC
29,2,Obstacle,2.17,0.0,inf,STATIC
30,1,Obstacle,1.138,-0.0,inf,STATIC
30,2,Obstacle,2.17,-0.0,inf,STATIC
31,1,Obstacle,1.137,-0.0,inf,STATIC
31,2,Obstacle,2.17,-0.0,inf,STATIC
32,1,Obstacle,1.137,-0.0,inf,STATIC
32,2,Obstacle,2.17,-0.001,inf,STATIC
33,1,Obstacle,1.137,-0.0,inf,STATIC
33,2,Obstacle,2.17,-0.001,inf,STATIC
34,1,Obstacle,1.137,-0.0,inf,STATIC
34,2,Obstacle,2.17,-0.001,inf,STATIC
35,1,Obstacle,1.137,-0.0,inf,STATIC
35,2,Obstacle,2.17,-0.001,inf,STATIC
36,1,Obstacle,1.137,0.0,inf,STATIC
36,2,Obstacle,2.17,-0.001,inf,STATIC
37,1,Obstacle,1.137,-0.0,inf,STATIC
37,2,Obstacle,2.17,-0.001,inf,STATIC
38,1,Obstacle,1.138,-0.0,inf,STATIC
38,2,Obstacle,2.17,-0.001,inf,STATIC
39,1,Obstacle,1.138,-0.0,inf,STATIC
39,2,Obstacle,2.17,-0.001,inf,STATIC
40,1,Obstacle,1.138,-0.0,inf,STATIC
40,2,Obstacle,2.17,-0.001,inf,STATIC
41,1,Obstacle,1.138,-0.0,inf,STATIC
41,2,Obstacle,2.17,-0.001,inf,STATIC
42,1,Obstacle,1.138,-0.0,inf,STATIC
42,2,Obstacle,2.17,-0.001,inf,STATIC
43,1,Obstacle,1.138,-0.0,inf,STATIC
43,2,Obstacle,2.17,-0.001,inf,STATIC
44,1,Obstacle,1.138,-0.0,inf,STATIC
44,2,Obstacle,2.17,-0.001,inf,STATIC
45,1,Obstacle,1.138,-0.0,inf,STATIC
45,2,Obstacle,2.17,-0.0,inf,STATIC
46,1,Obstacle,1.138,-0.0,inf,STATIC
46,2,Obstacle,2.17,-0.0,inf,STATIC
47,1,Obstacle,1.138,-0.0,inf,STATIC
47,2,Obstacle,2.17,-0.0,inf,STATIC
48,1,Obstacle,1.138,-0.0,inf,STATIC
48,2,Obstacle,2.17,-0.0,inf,STATIC
49,1,Obstacle,1.138,-0.0,inf,STATIC
49,2,Obstacle,2.17,-0.0,inf,STATIC
50,1,Obstacle,1.138,-0.0,inf,STATIC
50,2,Obstacle,2.17,-0.0,inf,STATIC
51,1,Obstacle,1.138,-0.0,inf,STATIC
51,2,Obstacle,2.17,-0.0,inf,STATIC
52,1,Obstacle,1.137,-0.0,inf,STATIC
52,2,Obstacle,2.17,-0.0,inf,STATIC
53,1,Obstacle,1.137,-0.0,inf,STATIC
53,2,Obstacle,2.17,-0.0,inf,STATIC
54,1,Obstacle,1.137,0.0,inf,STATIC
54,2,Obstacle,2.17,-0.0,inf,STATIC
55,1,Obstacle,1.137,0.0,inf,STATIC
55,2,Obstacle,2.17,-0.0,inf,STATIC
56,1,Obstacle,1.137,0.0,inf,STATIC
56,2,Obstacle,2.17,-0.0,inf,STATIC
57,1,Obstacle,1.137,0.0,inf,STATIC
57,2,Obstacle,2.17,-0.0,inf,STATIC
58,1,Obstacle,1.137,0.0,inf,STATIC
58,2,Obstacle,2.17,-0.0,inf,STATIC
59,1,Obstacle,1.137,0.0,inf,STATIC
59,2,Obstacle,2.17,-0.0,inf,STATIC
60,1,Obstacle,1.137,0.0,inf,STATIC
60,2,Obstacle,2.17,-0.0,inf,STATIC
61,1,Obstacle,1.137,0.0,inf,STATIC
61,2,Obstacle,2.17,-0.0,inf,STATIC
62,1,Obstacle,1.137,0.0,inf,STATIC
62,2,Obstacle,2.17,-0.0,inf,STATIC
63,1,Obstacle,1.137,0.0,inf,STATIC
63,2,Obstacle,2.17,-0.0,inf,STATIC
64,1,Obstacle,1.137,0.0,inf,STATIC
64,2,Obstacle,2.17,-0.0,inf,STATIC
65,1,Obstacle,1.137,0.0,inf,STATIC
65,2,Obstacle,2.17,-0.0,inf,STATIC
66,1,Obstacle,1.137,0.0,inf,STATIC
66,2,Obstacle,2.17,-0.0,inf,STATIC
67,1,Obstacle,1.137,0.0,inf,STATIC
67,2,Obstacle,2.17,-0.0,inf,STATIC
68,1,Obstacle,1.137,0.0,inf,STATIC
68,2,Obstacle,2.17,-0.0,inf,STATIC
69,1,Obstacle,1.137,0.0,inf,STATIC
69,2,Obstacle,2.17,-0.0,inf,STATIC
70,1,Obstacle,1.137,0.0,inf,STATIC
70,2,Obstacle,2.17,-0.0,inf,STATIC
71,1,Obstacle,1.137,0.0,inf,STATIC
71,2,Obstacle,2.17,-0.0,inf,STATIC
72,1,Obstacle,1.137,0.0,inf,STATIC
72,2,Obstacle,2.17,-0.0,inf,STATIC
73,1,Obstacle,1.137,0.0,inf,STATIC
73,2,Obstacle,2.17,-0.0,inf,STATIC
74,1,Obstacle,1.137,0.0,inf,STATIC
74,2,Obstacle,2.17,-0.0,inf,STATIC
75,1,Obstacle,1.137,0.0,inf,STATIC
75,2,Obstacle,2.17,-0.0,inf,STATIC
76,1,Obstacle,1.137,0.0,inf,STATIC
76,2,Obstacle,2.163,0.002,inf,STATIC
77,1,Obstacle,1.137,0.0,inf,STATIC
77,2,Obstacle,2.155,0.005,inf,STATIC
78,1,Obstacle,1.137,0.0,inf,STATIC
78,2,Obstacle,2.155,0.007,inf,STATIC
79,1,Obstacle,1.137,0.0,inf,STATIC
79,2,Obstacle,2.158,0.008,inf,STATIC
80,1,Obstacle,1.137,0.0,inf,STATIC
80,2,Obstacle,2.161,0.008,inf,STATIC
81,1,Obstacle,1.137,0.0,inf,STATIC
81,2,Obstacle,2.163,0.007,inf,STATIC
82,1,Obstacle,1.137,0.0,inf,STATIC
82,2,Obstacle,2.165,0.006,inf,STATIC
83,1,Obstacle,1.137,0.0,inf,STATIC
83,2,Obstacle,2.166,0.005,inf,STATIC
84,1,Obstacle,1.137,0.0,inf,STATIC
84,2,Obstacle,2.167,0.003,inf,STATIC
85,1,Obstacle,1.137,0.0,inf,STATIC
85,2,Obstacle,2.168,0.002,inf,STATIC
86,1,Obstacle,1.137,0.0,inf,STATIC
86,2,Obstacle,2.169,0.002,inf,STATIC
87,1,Obstacle,1.137,0.0,inf,STATIC
87,2,Obstacle,2.169,0.001,inf,STATIC
88,1,Obstacle,1.137,0.0,inf,STATIC
88,2,Obstacle,2.17,0.0,inf,STATIC
89,1,Obstacle,1.137,-0.0,inf,STATIC
89,2,Obstacle,2.17,-0.0,inf,STATIC
90,1,Obstacle,1.138,-0.0,inf,STATIC
90,2,Obstacle,2.17,-0.0,inf,STATIC
91,1,Obstacle,1.138,-0.0,inf,STATIC
91,2,Obstacle,2.17,-0.001,inf,STATIC
92,1,Obstacle,1.138,-0.0,inf,STATIC
92,2,Obstacle,2.17,-0.001,inf,STATIC
93,1,Obstacle,1.138,-0.0,inf,STATIC
93,2,Obstacle,2.17,-0.001,inf,STATIC
94,1,Obstacle,1.138,-0.0,inf,STATIC
94,2,Obstacle,2.17,-0.001,inf,STATIC
95,1,Obstacle,1.137,-0.0,inf,STATIC
95,2,Obstacle,2.17,-0.001,inf,STATIC
96,1,Obstacle,1.137,-0.0,inf,STATIC
96,2,Obstacle,2.171,-0.001,inf,STATIC
97,1,Obstacle,1.137,-0.0,inf,STATIC
97,2,Obstacle,2.171,-0.001,inf,STATIC
98,1,Obstacle,1.137,-0.0,inf,STATIC
98,2,Obstacle,2.17,-0.001,inf,STATIC
99,1,Obstacle,1.137,-0.0,inf,STATIC
99,2,Obstacle,2.17,-0.001,inf,STATIC
100,1,Obstacle,1.138,-0.0,inf,STATIC
100,2,Obstacle,2.17,-0.001,inf,STATIC
101,1,Obstacle,1.138,-0.0,inf,STATIC
101,2,Obstacle,2.17,-0.001,inf,STATIC
102,1,Obstacle,1.138,-0.0,inf,STATIC
102,2,Obstacle,2.17,-0.001,inf,STATIC
103,1,Obstacle,1.138,-0.0,inf,STATIC
103,2,Obstacle,2.17,-0.001,inf,STATIC
104,1,Obstacle,1.138,-0.0,inf,STATIC
104,2,Obstacle,2.17,-0.001,inf,STATIC
105,1,Obstacle,1.138,-0.0,inf,STATIC
105,2,Obstacle,2.17,-0.001,inf,STATIC
106,1,Obstacle,1.138,-0.0,inf,STATIC
106,2,Obstacle,2.17,-0.001,inf,STATIC
107,1,Obstacle,1.138,-0.0,inf,STATIC
107,2,Obstacle,2.17,-0.001,inf,STATIC
108,1,Obstacle,1.138,-0.0,inf,STATIC
108,2,Obstacle,2.17,-0.001,inf,STATIC
109,1,Obstacle,1.138,-0.0,inf,STATIC
109,2,Obstacle,2.17,-0.001,inf,STATIC
110,1,Obstacle,1.138,-0.0,inf,STATIC
110,2,Obstacle,2.17,-0.001,inf,STATIC
111,1,Obstacle,1.138,-0.0,inf,STATIC
111,2,Obstacle,2.17,-0.001,inf,STATIC
112,1,Obstacle,1.138,-0.0,inf,STATIC
112,2,Obstacle,2.17,-0.001,inf,STATIC
113,1,Obstacle,1.137,-0.0,inf,STATIC
113,2,Obstacle,2.17,-0.001,inf,STATIC
114,1,Obstacle,1.137,-0.0,inf,STATIC
114,2,Obstacle,2.17,-0.001,inf,STATIC
115,1,Obstacle,1.137,-0.0,inf,STATIC
115,2,Obstacle,2.17,-0.001,inf,STATIC
116,1,Obstacle,1.137,0.0,inf,STATIC
116,2,Obstacle,2.17,-0.001,inf,STATIC
117,1,Obstacle,1.137,0.0,inf,STATIC
117,2,Obstacle,2.17,-0.001,inf,STATIC
118,1,Obstacle,1.138,-0.0,inf,STATIC
118,2,Obstacle,2.17,-0.0,inf,STATIC
119,1,Obstacle,1.138,-0.0,inf,STATIC
119,2,Obstacle,2.17,-0.0,inf,STATIC
120,1,Obstacle,1.138,-0.0,inf,STATIC
120,2,Obstacle,2.17,-0.0,inf,STATIC
121,1,Obstacle,1.138,-0.0,inf,STATIC
121,2,Obstacle,2.17,-0.0,inf,STATIC
122,1,Obstacle,1.138,-0.0,inf,STATIC
122,2,Obstacle,2.171,-0.0,inf,STATIC
123,1,Obstacle,1.138,-0.0,inf,STATIC
123,2,Obstacle,2.17,-0.0,inf,STATIC
124,1,Obstacle,1.138,-0.0,inf,STATIC
124,2,Obstacle,2.17,-0.0,inf,STATIC
125,1,Obstacle,1.138,-0.0,inf,STATIC
125,2,Obstacle,2.17,-0.0,inf,STATIC
126,1,Obstacle,1.138,-0.0,inf,STATIC
126,2,Obstacle,2.17,-0.0,inf,STATIC
127,1,Obstacle,1.138,-0.0,inf,STATIC
127,2,Obstacle,2.17,-0.0,inf,STATIC
128,1,Obstacle,1.138,-0.0,inf,STATIC
128,2,Obstacle,2.17,-0.0,inf,STATIC
129,1,Obstacle,1.138,-0.0,inf,STATIC
129,2,Obstacle,2.171,-0.0,inf,STATIC
130,1,Obstacle,1.137,-0.0,inf,STATIC
130,2,Obstacle,2.171,-0.0,inf,STATIC
131,1,Obstacle,1.137,0.0,inf,STATIC
131,2,Obstacle,2.171,-0.0,inf,STATIC
132,1,Obstacle,1.137,0.0,inf,STATIC
132,2,Obstacle,2.171,-0.0,inf,STATIC
133,1,Obstacle,1.137,0.0,inf,STATIC
133,2,Obstacle,2.17,-0.0,inf,STATIC
134,1,Obstacle,1.137,0.0,inf,STATIC
134,2,Obstacle,2.17,-0.0,inf,STATIC
135,1,Obstacle,1.137,0.0,inf,STATIC
135,2,Obstacle,2.17,-0.0,inf,STATIC
136,1,Obstacle,1.137,0.0,inf,STATIC
136,2,Obstacle,2.171,-0.0,inf,STATIC
137,1,Obstacle,1.137,0.0,inf,STATIC
137,2,Obstacle,2.171,-0.0,inf,STATIC
138,1,Obstacle,1.137,0.0,inf,STATIC
138,2,Obstacle,2.171,-0.0,inf,STATIC
139,1,Obstacle,1.137,0.0,inf,STATIC
139,2,Obstacle,2.171,-0.0,inf,STATIC
140,1,Obstacle,1.137,0.0,inf,STATIC
140,2,Obstacle,2.171,-0.0,inf,STATIC
141,1,Obstacle,1.137,0.0,inf,STATIC
141,2,Obstacle,2.171,-0.0,inf,STATIC
142,1,Obstacle,1.138,0.0,inf,STATIC
142,2,Obstacle,2.171,-0.0,inf,STATIC
143,1,Obstacle,1.138,0.0,inf,STATIC
143,2,Obstacle,2.171,-0.0,inf,STATIC
144,1,Obstacle,1.138,-0.0,inf,STATIC
144,2,Obstacle,2.171,-0.0,inf,STATIC
145,1,Obstacle,1.138,-0.0,inf,STATIC
145,2,Obstacle,2.17,-0.0,inf,STATIC
146,1,Obstacle,1.138,-0.0,inf,STATIC
146,2,Obstacle,2.17,-0.0,inf,STATIC
147,1,Obstacle,1.138,-0.0,inf,STATIC
147,2,Obstacle,2.163,0.002,inf,STATIC
148,1,Obstacle,1.137,-0.0,inf,STATIC
148,2,Obstacle,2.149,0.006,inf,STATIC
149,1,Obstacle,1.136,0.0,inf,STATIC
149,2,Obstacle,2.128,0.015,146.23,STATIC
150,1,Obstacle,1.129,0.002,inf,STATIC
150,2,Obstacle,2.096,0.028,75.51,STATIC
151,1,Obstacle,1.119,0.006,inf,STATIC
151,2,Obstacle,2.049,0.048,42.7,STATIC
152,1,Obstacle,1.113,0.01,inf,STATIC
152,2,Obstacle,2.017,0.069,29.2,STATIC
153,1,Obstacle,1.11,0.013,83.55,STATIC
153,2,Obstacle,1.994,0.088,22.63,STATIC
154,1,Obstacle,1.105,0.017,66.92,STATIC
154,2,Obstacle,1.976,0.104,19.02,STATIC
155,1,Obstacle,1.102,0.019,56.65,STATIC
155,2,Obstacle,1.977,0.113,17.51,STATIC
156,1,Obstacle,1.099,0.022,50.12,STATIC
156,2,Obstacle,1.99,0.114,17.39,STATIC
157,1,Obstacle,1.096,0.024,45.95,STATIC
157,2,Obstacle,2.002,0.11,18.21,STATIC
158,1,Obstacle,1.095,0.025,43.36,STATIC
158,2,Obstacle,2.021,0.101,20.11,STATIC
159,1,Obstacle,1.092,0.027,41.0,STATIC
159,2,Obstacle,2.039,0.089,23.02,STATIC
160,1,Obstacle,1.089,0.028,38.95,STATIC
160,2,Obstacle,2.046,0.078,26.37,STATIC
161,1,Obstacle,1.085,0.03,36.68,STATIC
161,2,Obstacle,2.025,0.075,27.14,STATIC
162,1,Obstacle,1.077,0.032,33.49,STATIC
162,2,Obstacle,1.994,0.08,25.04,STATIC
163,1,Obstacle,1.065,0.037,29.07,STATIC
163,2,Obstacle,1.964,0.089,21.97,STATIC
164,1,Obstacle,1.052,0.043,24.73,STATIC
164,2,Obstacle,1.941,0.101,19.25,STATIC
165,1,Obstacle,1.039,0.049,21.1,STATIC
165,2,Obstacle,1.929,0.11,17.46,STATIC
166,1,Obstacle,1.027,0.056,18.24,STATIC
166,2,Obstacle,1.916,0.119,16.13,STATIC
167,1,Obstacle,1.013,0.064,15.87,STATIC
167,2,Obstacle,1.904,0.125,15.17,STATIC
168,1,Obstacle,1.002,0.071,14.12,STATIC
168,2,Obstacle,1.896,0.13,14.55,STATIC
169,1,Obstacle,0.992,0.077,12.88,STATIC
169,2,Obstacle,1.89,0.133,14.18,STATIC
170,1,Obstacle,0.985,0.082,11.98,STATIC
170,2,Obstacle,1.886,0.134,14.04,STATIC
171,1,Obstacle,0.978,0.086,11.36,STATIC
171,2,Obstacle,1.883,0.134,14.08,STATIC
172,1,Obstacle,0.97,0.09,10.84,STATIC
172,2,Obstacle,1.882,0.132,14.28,STATIC
173,1,Obstacle,0.961,0.093,10.32,STATIC
173,2,Obstacle,1.881,0.129,14.58,STATIC
174,1,Obstacle,0.951,0.097,9.81,STATIC
174,2,Obstacle,1.876,0.127,14.76,STATIC
175,1,Obstacle,0.942,0.101,9.35,STATIC
175,2,Obstacle,1.869,0.126,14.86,STATIC
176,1,Obstacle,0.932,0.104,8.93,STATIC
176,2,Obstacle,1.858,0.126,14.74,STATIC
177,1,Obstacle,0.923,0.108,8.58,STATIC
177,2,Obstacle,1.843,0.128,14.36,STATIC
178,1,Obstacle,0.912,0.111,8.23,STATIC
178,2,Obstacle,1.828,0.132,13.88,STATIC
179,1,Obstacle,0.902,0.114,7.91,STATIC
179,2,Obstacle,1.816,0.135,13.46,STATIC
180,1,Obstacle,0.893,0.117,7.64,STATIC
180,2,Obstacle,1.809,0.137,13.18,STATIC
181,1,Obstacle,0.884,0.119,7.41,STATIC
181,2,Obstacle,1.803,0.138,13.04,STATIC
182,1,Obstacle,0.877,0.121,7.22,STATIC
182,2,Obstacle,1.799,0.138,13.05,STATIC
183,1,Obstacle,0.869,0.123,7.06,STATIC
183,2,Obstacle,1.797,0.137,13.16,STATIC
184,1,Obstacle,0.863,0.124,6.95,STATIC
184,2,Obstacle,1.796,0.134,13.36,STATIC
185,1,Obstacle,0.859,0.125,6.89,STATIC
185,2,Obstacle,1.795,0.132,13.64,STATIC
186,1,Obstacle,0.853,0.124,6.86,STATIC
186,2,Obstacle,1.794,0.128,14.02,STATIC
187,1,Obstacle,0.85,0.124,6.88,STATIC
187,2,Obstacle,1.794,0.124,14.49,STATIC
188,1,Obstacle,0.847,0.122,6.92,STATIC
188,2,Obstacle,1.794,0.12,15.01,STATIC
189,1,Obstacle,0.839,0.122,6.88,STATIC
189,2,Obstacle,1.78,0.119,15.0,STATIC
190,1,Obstacle,0.829,0.122,6.76,STATIC
190,2,Obstacle,1.759,0.122,14.43,STATIC
191,1,Obstacle,0.817,0.124,6.59,STATIC
191,2,Obstacle,1.739,0.127,13.65,STATIC
192,1,Obstacle,0.808,0.126,6.42,STATIC
192,2,Obstacle,1.72,0.134,12.8,STATIC
193,1,Obstacle,0.799,0.128,6.26,STATIC
193,2,Obstacle,1.704,0.141,12.04,STATIC
194,1,Obstacle,0.791,0.129,6.11,STATIC
194,2,Obstacle,1.688,0.149,11.35,STATIC
195,1,Obstacle,0.784,0.131,5.99,STATIC
195,2,Obstacle,1.674,0.155,10.79,STATIC
196,1,Obstacle,0.777,0.132,5.88,STATIC
196,2,Obstacle,1.663,0.16,10.37,STATIC
197,1,Obstacle,0.769,0.133,5.8,STATIC
197,2,Obstacle,1.65,0.165,10.01,STATIC
198,1,Obstacle,0.762,0.133,5.74,STATIC
198,2,Obstacle,1.638,0.168,9.75,STATIC
199,1,Obstacle,0.757,0.132,5.72,STATIC
199,2,Obstacle,1.631,0.17,9.6,STATIC
200,1,Obstacle,0.752,0.132,5.7,STATIC
200,2,Obstacle,1.626,0.17,9.55,STATIC
201,1,Obstacle,0.748,0.131,5.71,STATIC
201,2,Obstacle,1.623,0.17,9.57,STATIC
202,1,Obstacle,0.743,0.13,5.71,STATIC
202,2,Obstacle,1.62,0.168,9.67,STATIC
203,1,Obstacle,0.736,0.13,5.68,STATIC
203,2,Obstacle,1.618,0.165,9.83,STATIC
204,1,Obstacle,0.728,0.13,5.61,STATIC
204,2,Obstacle,1.609,0.163,9.87,STATIC
205,1,Obstacle,0.721,0.13,5.54,DYNAMIC
205,2,Obstacle,1.6,0.162,9.85,STATIC
206,1,Obstacle,0.714,0.131,5.47,DYNAMIC
206,2,Obstacle,1.592,0.162,9.82,STATIC
207,1,Obstacle,0.705,0.131,5.37,DYNAMIC
207,2,Obstacle,1.578,0.163,9.66,STATIC
208,1,Obstacle,0.697,0.132,5.28,DYNAMIC
208,2,Obstacle,1.559,0.166,9.37,STATIC
209,1,Obstacle,0.691,0.132,5.22,DYNAMIC
209,2,Obstacle,1.545,0.17,9.08,STATIC
210,1,Obstacle,0.686,0.132,5.19,DYNAMIC
210,2,Obstacle,1.53,0.174,8.78,STATIC
211,1,Obstacle,0.681,0.132,5.17,DYNAMIC
211,2,Obstacle,1.518,0.178,8.52,STATIC
212,1,Obstacle,0.676,0.131,5.16,DYNAMIC
212,2,Obstacle,1.508,0.181,8.33,STATIC
213,1,Obstacle,0.67,0.131,5.13,DYNAMIC
213,2,Obstacle,1.501,0.182,8.23,STATIC
214,1,Obstacle,0.665,0.13,5.12,DYNAMIC
214,2,Obstacle,1.497,0.183,8.2,STATIC
215,1,Obstacle,0.66,0.129,5.1,DYNAMIC
215,2,Obstacle,1.493,0.181,8.24,STATIC
216,1,Obstacle,0.655,0.129,5.09,DYNAMIC
216,2,Obstacle,1.487,0.18,8.28,STATIC
217,1,Obstacle,0.65,0.128,5.08,DYNAMIC
217,2,Obstacle,1.482,0.178,8.34,STATIC
218,1,Obstacle,0.645,0.127,5.07,DYNAMIC
218,2,Obstacle,1.478,0.175,8.42,STATIC
219,1,Obstacle,0.64,0.126,5.07,DYNAMIC
219,2,Obstacle,1.475,0.173,8.54,STATIC
220,1,Obstacle,0.636,0.125,5.07,DYNAMIC
220,2,Obstacle,1.473,0.169,8.71,STATIC
221,1,Obstacle,0.631,0.124,5.07,DYNAMIC
221,2,Obstacle,1.471,0.165,8.91,STATIC
222,1,Obstacle,0.626,0.123,5.08,DYNAMIC
222,2,Obstacle,1.47,0.161,9.16,STATIC
223,1,Obstacle,0.622,0.122,5.09,DYNAMIC
223,2,Obstacle,1.47,0.156,9.45,STATIC
224,1,Obstacle,0.618,0.121,5.1,DYNAMIC
224,2,Obstacle,1.47,0.15,9.77,STATIC
225,1,Obstacle,0.612,0.12,5.1,DYNAMIC
225,2,Obstacle,1.469,0.145,10.14,STATIC
226,1,Obstacle,0.606,0.119,5.09,DYNAMIC
226,2,Obstacle,1.463,0.141,10.39,STATIC
227,1,Obstacle,0.6,0.119,5.06,DYNAMIC
227,2,Obstacle,1.453,0.139,10.45,STATIC
228,1,Obstacle,0.594,0.118,5.02,DYNAMIC
228,2,Obstacle,1.44,0.139,10.33,STATIC
229,1,Obstacle,0.589,0.118,4.98,DYNAMIC
229,2,Obstacle,1.429,0.141,10.15,STATIC
230,1,Obstacle,0.583,0.118,4.94,DYNAMIC
230,2,Obstacle,1.42,0.142,9.98,STATIC
231,1,Obstacle,0.578,0.118,4.89,DYNAMIC
231,2,Obstacle,1.41,0.144,9.79,STATIC
232,1,Obstacle,0.572,0.118,4.84,DYNAMIC
232,2,Obstacle,1.399,0.146,9.57,STATIC
233,1,Obstacle,0.566,0.118,4.8,STATIC
233,2,Obstacle,1.39,0.148,9.36,STATIC
234,1,Obstacle,0.561,0.118,4.75,STATIC
234,2,Obstacle,1.382,0.15,9.21,STATIC
235,1,Obstacle,0.555,0.118,4.71,STATIC
235,2,Obstacle,1.377,0.151,9.14,STATIC
236,1,Obstacle,0.549,0.118,4.66,STATIC
236,2,Obstacle,1.37,0.151,9.07,STATIC
237,1,Obstacle,0.544,0.118,4.61,STATIC
237,2,Obstacle,1.364,0.151,9.04,STATIC
238,1,Obstacle,0.539,0.118,4.59,STATIC
238,2,Obstacle,1.359,0.15,9.05,STATIC
239,1,Obstacle,0.535,0.117,4.57,STATIC
239,2,Obstacle,1.356,0.149,9.12,STATIC
240,1,Obstacle,0.53,0.117,4.55,STATIC
240,2,Obstacle,1.354,0.146,9.24,STATIC
241,1,Obstacle,0.526,0.116,4.54,STATIC
241,2,Obstacle,1.352,0.144,9.42,STATIC
242,1,Obstacle,0.523,0.115,4.56,STATIC
242,2,Obstacle,1.354,0.139,9.73,STATIC
243,1,Obstacle,0.52,0.113,4.59,STATIC
243,2,Obstacle,1.357,0.134,10.13,STATIC
244,1,Obstacle,0.518,0.112,4.64,DYNAMIC
244,2,Obstacle,1.36,0.128,10.62,DYNAMIC
245,1,Obstacle,0.516,0.109,4.72,DYNAMIC
245,2,Obstacle,1.362,0.122,11.18,DYNAMIC
246,1,Obstacle,0.514,0.107,4.81,DYNAMIC
246,2,Obstacle,1.355,0.118,11.49,DYNAMIC
247,1,Obstacle,0.512,0.105,4.89,DYNAMIC
247,2,Obstacle,1.347,0.116,11.62,DYNAMIC
248,1,Obstacle,0.51,0.102,4.99,DYNAMIC
248,2,Obstacle,1.34,0.115,11.66,DYNAMIC
249,1,Obstacle,0.509,0.1,5.1,DYNAMIC
249,2,Obstacle,1.335,0.114,11.67,DYNAMIC
250,1,Obstacle,0.508,0.097,5.24,DYNAMIC
250,2,Obstacle,1.336,0.112,11.91,DYNAMIC
251,1,Obstacle,0.509,0.094,5.42,DYNAMIC
251,2,Obstacle,1.34,0.108,12.36,DYNAMIC
252,1,Obstacle,0.509,0.09,5.64,DYNAMIC
252,2,Obstacle,1.342,0.103,13.0,DYNAMIC
253,1,Obstacle,0.51,0.086,5.91,DYNAMIC
253,2,Obstacle,1.346,0.098,13.79,DYNAMIC
254,1,Obstacle,0.51,0.082,6.2,DYNAMIC
254,2,Obstacle,1.346,0.093,14.54,DYNAMIC
255,1,Obstacle,0.511,0.079,6.49,DYNAMIC
255,2,Obstacle,1.345,0.088,15.22,DYNAMIC
256,1,Obstacle,0.511,0.075,6.8,DYNAMIC
256,2,Obstacle,1.343,0.085,15.87,DYNAMIC
257,1,Obstacle,0.51,0.072,7.13,DYNAMIC
257,2,Obstacle,1.342,0.081,16.51,DYNAMIC
258,1,Obstacle,0.511,0.068,7.5,DYNAMIC
258,2,Obstacle,1.341,0.078,17.2,DYNAMIC
259,1,Obstacle,0.511,0.065,7.89,DYNAMIC
259,2,Obstacle,1.344,0.074,18.18,DYNAMIC
260,1,Obstacle,0.511,0.061,8.32,DYNAMIC
260,2,Obstacle,1.347,0.069,19.45,DYNAMIC
261,1,Obstacle,0.512,0.058,8.78,DYNAMIC
261,2,Obstacle,1.347,0.065,20.66,DYNAMIC
262,1,Obstacle,0.512,0.055,9.25,DYNAMIC
262,2,Obstacle,1.346,0.062,21.76,DYNAMIC
263,1,Obstacle,0.513,0.053,9.74,DYNAMIC
263,2,Obstacle,1.345,0.059,22.76,DYNAMIC
264,1,Obstacle,0.513,0.05,10.26,DYNAMIC
264,2,Obstacle,1.344,0.057,23.74,DYNAMIC
265,1,Obstacle,0.513,0.047,10.83,DYNAMIC
265,2,Obstacle,1.344,0.054,24.74,DYNAMIC
266,1,Obstacle,0.513,0.045,11.42,DYNAMIC
266,2,Obstacle,1.344,0.052,25.77,DYNAMIC
267,1,Obstacle,0.514,0.043,12.03,DYNAMIC
267,2,Obstacle,1.344,0.05,26.83,DYNAMIC
268,1,Obstacle,0.514,0.041,12.66,DYNAMIC
268,2,Obstacle,1.344,0.048,27.94,DYNAMIC
269,1,Obstacle,0.514,0.039,13.31,DYNAMIC
269,2,Obstacle,1.344,0.046,29.12,DYNAMIC
270,1,Obstacle,0.514,0.037,14.01,DYNAMIC
270,2,Obstacle,1.343,0.044,30.41,DYNAMIC
271,1,Obstacle,0.515,0.035,14.77,DYNAMIC
271,2,Obstacle,1.344,0.042,31.83,DYNAMIC
272,1,Obstacle,0.515,0.033,15.56,DYNAMIC
272,2,Obstacle,1.344,0.04,33.33,DYNAMIC
273,1,Obstacle,0.515,0.031,16.38,DYNAMIC
273,2,Obstacle,1.347,0.038,35.67,DYNAMIC
274,1,Obstacle,0.515,0.03,17.22,DYNAMIC
274,2,Obstacle,1.35,0.035,38.9,DYNAMIC
275,1,Obstacle,0.515,0.028,18.1,DYNAMIC
275,2,Obstacle,1.353,0.031,42.96,DYNAMIC
276,1,Obstacle,0.516,0.027,19.01,DYNAMIC
276,2,Obstacle,1.353,0.029,46.53,DYNAMIC
277,1,Obstacle,0.516,0.026,19.95,DYNAMIC
277,2,Obstacle,1.351,0.027,49.26,DYNAMIC
278,1,Obstacle,0.516,0.025,20.97,STATIC
278,2,Obstacle,1.35,0.026,51.26,DYNAMIC
279,1,Obstacle,0.516,0.023,22.06,STATIC
279,2,Obstacle,1.352,0.025,54.52,DYNAMIC
280,1,Obstacle,0.516,0.022,23.2,STATIC
280,2,Obstacle,1.354,0.023,59.33,STATIC
281,1,Obstacle,0.516,0.021,24.45,STATIC
281,2,Obstacle,1.356,0.021,65.97,STATIC
282,1,Obstacle,0.516,0.02,25.79,STATIC
282,2,Obstacle,1.355,0.019,71.14,STATIC
283,1,Obstacle,0.516,0.019,27.19,STATIC
283,2,Obstacle,1.353,0.018,74.09,STATIC
284,1,Obstacle,0.517,0.018,28.65,STATIC
284,2,Obstacle,1.352,0.018,75.27,STATIC
285,1,Obstacle,0.517,0.017,30.23,STATIC
285,2,Obstacle,1.35,0.018,75.52,STATIC
286,1,Obstacle,0.517,0.016,31.89,STATIC
286,2,Obstacle,1.349,0.018,75.54,STATIC
287,1,Obstacle,0.517,0.015,33.62,STATIC
287,2,Obstacle,1.348,0.018,75.68,STATIC
288,1,Obstacle,0.517,0.015,35.43,STATIC
288,2,Obstacle,1.348,0.018,76.13,STATIC
289,1,Obstacle,0.517,0.014,37.3,STATIC
289,2,Obstacle,1.347,0.018,76.97,STATIC
290,1,Obstacle,0.517,0.013,39.24,STATIC
290,2,Obstacle,1.347,0.017,78.23,STATIC
291,1,Obstacle,0.517,0.013,41.25,STATIC
291,2,Obstacle,1.347,0.017,79.9,STATIC
292,1,Obstacle,0.517,0.012,43.43,STATIC
292,2,Obstacle,1.347,0.016,82.12,STATIC
293,1,Obstacle,0.517,0.011,45.75,STATIC
293,2,Obstacle,1.347,0.016,84.81,STATIC
294,1,Obstacle,0.518,0.011,48.17,STATIC
294,2,Obstacle,1.347,0.015,87.88,STATIC
295,1,Obstacle,0.518,0.01,50.68,STATIC
295,2,Obstacle,1.347,0.015,91.27,STATIC
296,1,Obstacle,0.518,0.01,inf,STATIC
296,2,Obstacle,1.347,0.014,94.97,STATIC
297,1,Obstacle,0.518,0.009,inf,STATIC
297,2,Obstacle,1.347,0.014,98.96,STATIC
298,1,Obstacle,0.518,0.009,inf,STATIC
298,2,Obstacle,1.347,0.013,103.24,STATIC
299,1,Obstacle,0.518,0.008,inf,STATIC
299,2,Obstacle,1.35,0.012,115.5,STATIC
300,1,Obstacle,0.518,0.008,inf,STATIC
300,2,Obstacle,1.353,0.01,inf,STATIC
301,1,Obstacle,0.518,0.008,inf,STATIC
301,2,Obstacle,1.356,0.008,inf,STATIC
302,1,Obstacle,0.518,0.007,inf,STATIC
302,2,Obstacle,1.358,0.005,inf,STATIC
303,1,Obstacle,0.518,0.007,inf,STATIC
303,2,Obstacle,1.36,0.003,inf,STATIC
304,1,Obstacle,0.518,0.007,inf,STATIC
304,2,Obstacle,1.361,0.002,inf,STATIC
305,1,Obstacle,0.518,0.006,inf,STATIC
305,2,Obstacle,1.362,0.0,inf,STATIC
306,1,Obstacle,0.518,0.006,inf,STATIC
306,2,Obstacle,1.363,-0.001,inf,STATIC
307,1,Obstacle,0.518,0.006,inf,STATIC
307,2,Obstacle,1.363,-0.002,inf,STATIC
308,1,Obstacle,0.518,0.005,inf,STATIC
308,2,Obstacle,1.364,-0.002,inf,STATIC
309,1,Obstacle,0.518,0.005,inf,STATIC
309,2,Obstacle,1.361,-0.002,inf,STATIC
310,1,Obstacle,0.517,0.005,inf,STATIC
310,2,Obstacle,1.358,-0.001,inf,STATIC
311,1,Obstacle,0.516,0.006,inf,STATIC
311,2,Obstacle,1.355,0.001,inf,STATIC
312,1,Obstacle,0.513,0.006,inf,STATIC
312,2,Obstacle,1.348,0.004,inf,STATIC
313,1,Obstacle,0.511,0.007,inf,STATIC
313,2,Obstacle,1.337,0.008,inf,STATIC
314,1,Obstacle,0.508,0.009,inf,STATIC
314,2,Obstacle,1.33,0.013,102.68,STATIC
315,1,Obstacle,0.506,0.01,49.89,STATIC
315,2,Obstacle,1.323,0.018,73.96,STATIC
316,1,Obstacle,0.503,0.012,43.33,STATIC
316,2,Obstacle,1.317,0.023,58.27,STATIC
317,1,Obstacle,0.5,0.013,37.84,STATIC
317,2,Obstacle,1.312,0.027,49.07,STATIC
318,1,Obstacle,0.497,0.015,33.02,STATIC
318,2,Obstacle,1.306,0.031,42.38,STATIC
319,1,Obstacle,0.493,0.017,28.94,STATIC
319,2,Obstacle,1.297,0.035,36.69,STATIC
320,1,Obstacle,0.489,0.019,25.5,DYNAMIC
320,2,Obstacle,1.29,0.04,32.34,STATIC
321,1,Obstacle,0.485,0.021,22.57,DYNAMIC
321,2,Obstacle,1.281,0.045,28.73,STATIC
322,1,Obstacle,0.48,0.024,19.96,DYNAMIC
322,2,Obstacle,1.274,0.049,25.96,STATIC
323,1,Obstacle,0.475,0.027,17.8,DYNAMIC
323,2,Obstacle,1.269,0.053,23.96,STATIC
324,1,Obstacle,0.47,0.029,15.95,DYNAMIC
324,2,Obstacle,1.262,0.057,22.3,STATIC
325,1,Obstacle,0.464,0.032,14.31,DYNAMIC
325,2,Obstacle,1.256,0.06,20.99,STATIC
326,1,Obstacle,0.458,0.036,12.91,DYNAMIC
326,2,Obstacle,1.249,0.063,19.81,DYNAMIC
327,1,Obstacle,0.453,0.038,11.78,DYNAMIC
327,2,Obstacle,1.243,0.066,18.83,DYNAMIC
328,1,Obstacle,0.447,0.042,10.75,DYNAMIC
328,2,Obstacle,1.234,0.07,17.72,DYNAMIC
329,1,Obstacle,0.44,0.045,9.79,DYNAMIC
329,2,Obstacle,1.222,0.074,16.49,DYNAMIC
330,1,Obstacle,0.433,0.048,8.93,DYNAMIC
330,2,Obstacle,1.212,0.079,15.41,DYNAMIC
331,1,Obstacle,0.425,0.052,8.15,DYNAMIC
331,2,Obstacle,1.205,0.083,14.57,DYNAMIC
332,1,Obstacle,0.417,0.056,7.46,DYNAMIC
332,2,Obstacle,1.196,0.086,13.86,DYNAMIC
333,1,Obstacle,0.409,0.06,6.85,DYNAMIC
333,2,Obstacle,1.189,0.089,13.33,DYNAMIC
334,1,Obstacle,0.401,0.064,6.27,DYNAMIC
334,2,Obstacle,1.184,0.091,12.99,DYNAMIC
335,1,Obstacle,0.391,0.068,5.71,DYNAMIC
335,2,Obstacle,1.175,0.094,12.51,DYNAMIC
336,1,Obstacle,0.38,0.073,5.19,DYNAMIC
336,2,Obstacle,1.159,0.099,11.75,DYNAMIC
337,1,Obstacle,0.369,0.078,4.71,DYNAMIC
337,2,Obstacle,1.143,0.104,10.96,DYNAMIC
338,1,Obstacle,0.36,0.083,4.33,DYNAMIC
338,2,Obstacle,1.128,0.111,10.17,DYNAMIC
339,1,Obstacle,0.352,0.087,4.03,DYNAMIC
339,2,Obstacle,1.113,0.118,9.45,DYNAMIC
340,1,Obstacle,0.345,0.091,3.81,DYNAMIC
340,2,Obstacle,1.098,0.125,8.81,DYNAMIC
341,1,Obstacle,0.341,0.093,3.67,DYNAMIC
341,2,Obstacle,1.087,0.13,8.33,DYNAMIC
342,1,Obstacle,0.337,0.094,3.58,DYNAMIC
342,2,Obstacle,1.076,0.135,7.95,DYNAMIC
343,1,Obstacle,0.333,0.094,3.53,DYNAMIC
343,2,Obstacle,1.065,0.139,7.64,DYNAMIC
344,1,Obstacle,0.331,0.094,3.53,DYNAMIC
344,2,Obstacle,1.056,0.143,7.4,DYNAMIC
345,1,Obstacle,0.328,0.093,3.54,DYNAMIC
345,2,Obstacle,1.038,0.147,7.04,DYNAMIC
346,1,Obstacle,0.326,0.091,3.58,DYNAMIC
346,2,Obstacle,1.023,0.152,6.71,DYNAMIC
347,1,Obstacle,0.325,0.09,3.62,DYNAMIC
347,2,Obstacle,1.007,0.158,6.36,DYNAMIC
348,1,Obstacle,0.323,0.088,3.67,DYNAMIC
348,2,Obstacle,0.991,0.164,6.03,DYNAMIC
349,1,Obstacle,0.321,0.086,3.71,DYNAMIC
349,2,Obstacle,0.976,0.17,5.75,DYNAMIC
350,1,Obstacle,0.319,0.085,3.77,DYNAMIC
350,2,Obstacle,0.959,0.176,5.45,DYNAMIC
351,1,Obstacle,0.318,0.083,3.84,DYNAMIC
351,2,Obstacle,0.943,0.182,5.18,DYNAMIC
352,1,Obstacle,0.316,0.081,3.92,DYNAMIC
352,2,Obstacle,0.926,0.187,4.94,DYNAMIC
353,1,Obstacle,0.315,0.078,4.03,DYNAMIC
353,2,Obstacle,0.915,0.192,4.78,DYNAMIC
354,2,Obstacle,0.907,0.194,4.67,DYNAMIC
355,2,Obstacle,0.9,0.195,4.6,DYNAMIC
356,2,Obstacle,0.893,0.196,4.56,DYNAMIC
357,2,Obstacle,0.886,0.195,4.53,DYNAMIC
358,2,Obstacle,0.875,0.195,4.48,DYNAMIC
359,2,Obstacle,0.863,0.196,4.39,DYNAMIC
360,2,Obstacle,0.851,0.198,4.31,DYNAMIC
361,2,Obstacle,0.836,0.2,4.19,DYNAMIC
362,2,Obstacle,0.822,0.202,4.07,DYNAMIC
363,2,Obstacle,0.81,0.204,3.96,DYNAMIC
364,2,Obstacle,0.796,0.206,3.86,DYNAMIC
365,2,Obstacle,0.787,0.207,3.79,DYNAMIC
366,2,Obstacle,0.774,0.208,3.71,DYNAMIC
367,2,Obstacle,0.759,0.209,3.63,DYNAMIC
368,2,Obstacle,0.745,0.21,3.55,DYNAMIC
369,2,Obstacle,0.734,0.211,3.48,DYNAMIC
370,2,Obstacle,0.724,0.211,3.43,DYNAMIC
371,2,Obstacle,0.715,0.211,3.39,DYNAMIC
372,2,Obstacle,0.707,0.211,3.35,DYNAMIC
373,2,Obstacle,0.698,0.21,3.32,DYNAMIC
374,2,Obstacle,0.691,0.209,3.31,STATIC
375,2,Obstacle,0.685,0.207,3.31,DYNAMIC
376,2,Obstacle,0.678,0.204,3.32,DYNAMIC
377,2,Obstacle,0.676,0.201,3.37,DYNAMIC
378,2,Obstacle,0.673,0.196,3.42,DYNAMIC
379,2,Obstacle,0.668,0.192,3.47,DYNAMIC
380,2,Obstacle,0.661,0.189,3.49,DYNAMIC
381,2,Obstacle,0.653,0.187,3.5,DYNAMIC
382,2,Obstacle,0.646,0.185,3.5,DYNAMIC
383,2,Obstacle,0.641,0.182,3.51,DYNAMIC
384,2,Obstacle,0.636,0.18,3.53,DYNAMIC
385,2,Obstacle,0.631,0.177,3.56,DYNAMIC
386,2,Obstacle,0.626,0.174,3.6,DYNAMIC
387,2,Obstacle,0.622,0.171,3.65,DYNAMIC
388,2,Obstacle,0.615,0.167,3.68,DYNAMIC
389,2,Obstacle,0.609,0.164,3.71,DYNAMIC
390,2,Obstacle,0.6,0.162,3.7,DYNAMIC
391,2,Obstacle,0.592,0.161,3.68,DYNAMIC
392,2,Obstacle,0.584,0.16,3.64,DYNAMIC
393,2,Obstacle,0.577,0.159,3.62,DYNAMIC
394,2,Obstacle,0.571,0.158,3.61,DYNAMIC
395,2,Obstacle,0.564,0.157,3.59,DYNAMIC
396,2,Obstacle,0.56,0.155,3.6,DYNAMIC
397,2,Obstacle,0.555,0.154,3.61,DYNAMIC
398,2,Obstacle,0.55,0.152,3.63,DYNAMIC
399,2,Obstacle,0.545,0.15,3.64,DYNAMIC
400,2,Obstacle,0.54,0.148,3.64,DYNAMIC
401,2,Obstacle,0.532,0.147,3.62,DYNAMIC
402,2,Obstacle,0.525,0.147,3.58,DYNAMIC
403,2,Obstacle,0.517,0.147,3.52,DYNAMIC
404,2,Obstacle,0.509,0.147,3.46,DYNAMIC
405,2,Obstacle,0.5,0.148,3.39,DYNAMIC
406,2,Obstacle,0.492,0.148,3.32,DYNAMIC
406,6,Obstacle,0.467,0.0,inf,STATIC
407,2,Obstacle,0.483,0.149,3.24,DYNAMIC
408,2,Obstacle,0.475,0.15,3.17,DYNAMIC
409,2,Obstacle,0.466,0.15,3.1,DYNAMIC
410,2,Obstacle,0.459,0.151,3.05,DYNAMIC
411,2,Obstacle,0.451,0.151,2.98,DYNAMIC
412,2,Obstacle,0.441,0.152,2.9,DYNAMIC
413,2,Obstacle,0.432,0.153,2.82,DYNAMIC
414,2,Obstacle,0.423,0.154,2.74,DYNAMIC
415,2,Obstacle,0.414,0.156,2.66,DYNAMIC
416,2,Obstacle,0.405,0.157,2.58,DYNAMIC
417,2,Obstacle,0.396,0.158,2.51,DYNAMIC
418,2,Obstacle,0.388,0.159,2.44,DYNAMIC
419,2,Obstacle,0.38,0.16,2.38,DYNAMIC
420,2,Obstacle,0.373,0.16,2.33,DYNAMIC
421,2,Obstacle,0.367,0.16,2.3,DYNAMIC
422,2,Obstacle,0.363,0.159,2.29,DYNAMIC
423,2,Obstacle,0.36,0.157,2.29,DYNAMIC
424,2,Obstacle,0.358,0.154,2.32,DYNAMIC
425,2,Obstacle,0.356,0.151,2.36,DYNAMIC
426,2,Obstacle,0.355,0.147,2.42,DYNAMIC
427,2,Obstacle,0.355,0.143,2.49,DYNAMIC
428,2,Obstacle,0.355,0.138,2.58,DYNAMIC
429,2,Obstacle,0.356,0.133,2.67,DYNAMIC
430,2,Obstacle,0.356,0.128,2.78,DYNAMIC
431,2,Obstacle,0.357,0.123,2.9,DYNAMIC
432,2,Obstacle,0.357,0.118,3.03,DYNAMIC
433,2,Obstacle,0.358,0.113,3.17,DYNAMIC
434,2,Obstacle,0.358,0.108,3.32,DYNAMIC
435,2,Obstacle,0.359,0.103,3.47,DYNAMIC
436,2,Obstacle,0.359,0.099,3.64,DYNAMIC
437,2,Obstacle,0.36,0.094,3.82,DYNAMIC
438,2,Obstacle,0.359,0.09,4.0,DYNAMIC
439,2,Obstacle,0.36,0.085,4.22,DYNAMIC
440,2,Obstacle,0.361,0.081,4.44,DYNAMIC
441,2,Obstacle,0.361,0.077,4.68,DYNAMIC
442,2,Obstacle,0.361,0.073,4.93,DYNAMIC
443,2,Obstacle,0.362,0.069,5.21,DYNAMIC
444,2,Obstacle,0.362,0.066,5.51,DYNAMIC
445,2,Obstacle,0.362,0.062,5.82,DYNAMIC
446,2,Obstacle,0.363,0.059,6.16,DYNAMIC
447,2,Obstacle,0.363,0.056,6.52,DYNAMIC
448,2,Obstacle,0.364,0.053,6.91,DYNAMIC
449,2,Obstacle,0.364,0.05,7.31,DYNAMIC
450,2,Obstacle,0.365,0.047,7.73,DYNAMIC
451,2,Obstacle,0.365,0.045,8.17,DYNAMIC
452,2,Obstacle,0.365,0.042,8.64,DYNAMIC
453,2,Obstacle,0.365,0.04,9.15,DYNAMIC
454,2,Obstacle,0.365,0.038,9.71,DYNAMIC
455,2,Obstacle,0.366,0.036,10.31,DYNAMIC
456,2,Obstacle,0.366,0.034,10.92,DYNAMIC
457,2,Obstacle,0.367,0.032,11.56,DYNAMIC
458,2,Obstacle,0.367,0.03,12.21,DYNAMIC
459,2,Obstacle,0.367,0.028,12.9,DYNAMIC
460,2,Obstacle,0.367,0.027,13.63,DYNAMIC
461,2,Obstacle,0.367,0.026,14.38,DYNAMIC
462,2,Obstacle,0.368,0.024,15.15,DYNAMIC
463,2,Obstacle,0.368,0.023,15.95,STATIC
464,2,Obstacle,0.368,0.022,16.77,STATIC
465,2,Obstacle,0.368,0.021,17.62,STATIC
466,2,Obstacle,0.368,0.02,18.49,STATIC
467,2,Obstacle,0.368,0.019,19.39,STATIC
468,2,Obstacle,0.368,0.018,20.33,STATIC
469,2,Obstacle,0.368,0.017,21.31,STATIC
470,2,Obstacle,0.369,0.017,22.32,STATIC
471,2,Obstacle,0.369,0.016,23.38,STATIC
472,2,Obstacle,0.369,0.015,24.49,STATIC
473,2,Obstacle,0.369,0.014,25.65,STATIC
474,2,Obstacle,0.369,0.014,26.87,STATIC
475,2,Obstacle,0.369,0.013,28.14,STATIC
476,2,Obstacle,0.369,0.013,29.49,STATIC
477,2,Obstacle,0.369,0.012,30.91,STATIC
478,2,Obstacle,0.369,0.011,32.39,STATIC
479,2,Obstacle,0.369,0.011,33.96,STATIC
480,2,Obstacle,0.369,0.01,35.33,STATIC
481,2,Obstacle,0.369,0.01,36.52,STATIC
482,2,Obstacle,0.369,0.01,inf,STATIC
483,2,Obstacle,0.369,0.009,inf,STATIC
484,2,Obstacle,0.369,0.009,inf,STATIC
485,2,Obstacle,0.369,0.009,inf,STATIC
486,2,Obstacle,0.369,0.008,inf,STATIC
487,2,Obstacle,0.369,0.008,inf,STATIC
488,2,Obstacle,0.369,0.007,inf,STATIC
489,2,Obstacle,0.369,0.007,inf,STATIC
490,2,Obstacle,0.369,0.007,inf,STATIC
491,2,Obstacle,0.369,0.007,inf,STATIC
492,2,Obstacle,0.369,0.006,inf,STATIC
493,2,Obstacle,0.368,0.006,inf,STATIC
494,2,Obstacle,0.368,0.006,inf,DYNAMIC
495,2,Obstacle,0.367,0.006,inf,DYNAMIC
496,2,Obstacle,0.366,0.006,inf,DYNAMIC
497,2,Obstacle,0.365,0.007,inf,DYNAMIC
498,2,Obstacle,0.364,0.007,inf,DYNAMIC
499,2,Obstacle,0.363,0.008,inf,DYNAMIC
500,2,Obstacle,0.362,0.008,inf,DYNAMIC
501,2,Obstacle,0.361,0.009,inf,DYNAMIC
502,2,Obstacle,0.36,0.009,inf,DYNAMIC
503,2,Obstacle,0.359,0.01,inf,DYNAMIC
504,2,Obstacle,0.359,0.01,inf,DYNAMIC
505,2,Obstacle,0.358,0.01,35.68,DYNAMIC
506,2,Obstacle,0.358,0.01,35.11,DYNAMIC
507,2,Obstacle,0.357,0.01,34.59,DYNAMIC
508,2,Obstacle,0.356,0.01,34.01,DYNAMIC
509,2,Obstacle,0.356,0.011,33.41,DYNAMIC
510,2,Obstacle,0.355,0.011,32.86,DYNAMIC
511,2,Obstacle,0.354,0.011,32.44,DYNAMIC
512,2,Obstacle,0.354,0.011,31.9,DYNAMIC
513,2,Obstacle,0.353,0.011,31.15,DYNAMIC
514,2,Obstacle,0.351,0.012,29.98,DYNAMIC
515,2,Obstacle,0.349,0.012,28.43,DYNAMIC
516,2,Obstacle,0.347,0.013,26.7,DYNAMIC
517,2,Obstacle,0.346,0.014,25.02,DYNAMIC
518,2,Obstacle,0.343,0.015,23.11,DYNAMIC
